Size,Pure,Hybrid 5,Hybrid 15,Hybrid 50,Hybrid 75
500,9679,13921,10503,8351,10992
600,11391,17662,12258,10615,14730
700,13280,18147,13440,12988,12014
800,13926,22089,15282,16397,19729
900,15415,24520,16987,14147,20168
1000,18564,30552,20948,15948,23924
1100,21909,28799,24057,18757,28863
1200,22833,29087,24983,22455,36068
1300,24993,32555,27524,24515,22328
1400,26214,38672,29989,28053,29550
1500,27788,40091,27872,31405,31602
1600,32714,48404,29419,35061,34781
1700,29453,48858,31633,28450,40115
1800,30767,53781,33039,31175,47465
1900,37465,48867,34575,33672,44958
2000,39903,60348,40360,35069,53018
2100,45395,57027,44605,38551,55322
2200,47622,58722,53321,40957,63052
2300,44191,61090,47322,43275,65759
2400,54712,60947,50054,46745,70426
2500,53627,62478,51042,49726,50940
2600,53226,67134,56567,55124,53181
2700,57192,73627,51917,56986,57038
2800,53066,84065,59606,67389,64107
2900,62234,84243,59798,65264,60289
3000,62593,89638,60028,62601,69631
3100,65610,95502,67023,73828,75200
3200,67891,97346,59241,78871,70011
3300,67728,100504,70058,66346,81636
3400,67115,103543,71273,59702,84151
3500,72393,107492,65333,67803,89861
3600,74713,110021,67334,70165,86208
3700,68835,111578,69109,65187,90229
3800,78425,112644,70348,75524,96806
3900,82376,113138,83838,79254,98587
4000,88160,115795,80653,80424,103387
4100,92035,116671,90466,75722,108758
4200,94749,112603,87716,79119,113150
4300,89286,114219,89808,88742,118343
4400,91620,117619,91646,89117,122714
4500,93596,119028,95225,92977,127568
4600,96329,116642,94986,102568,131736
4700,101904,122695,98585,92652,137486
4800,102589,122854,98469,103604,140744
4900,109333,124956,101510,100331,111210
5000,106918,125809,107207,110846,102907
5100,104335,125140,104883,104333,101995
5200,109499,145543,106169,109430,108977
5300,108235,147597,107910,111174,113322
5400,111396,158792,109525,113651,115574
5500,110480,158728,114266,119311,117991
5600,112276,155352,114644,122382,125981
5700,116769,158927,115325,123372,125734
5800,118469,166971,119146,129295,128219
5900,125948,170955,118866,133539,132384
6000,130451,177685,122423,152269,136628
6100,134669,188515,123671,141183,149868
6200,133277,183464,124839,145775,151163
6300,138069,188449,130448,157378,147079
6400,130413,189593,129378,159238,151931
6500,132035,199947,131519,132317,155679
6600,186455,189969,134747,125134,159837
6700,136286,198964,134638,127442,163754
6800,139309,209758,137287,129215,169292
6900,141037,203970,138534,138413,172259
7000,151848,209493,141354,144177,177704
7100,143643,209058,144391,144231,176652
7200,145469,212446,157625,137120,183878
7300,147935,213852,155234,138485,186154
7400,150701,215479,155373,140758,193196
7500,151230,218494,149693,143684,196924
7600,153537,220881,151567,145980,202625
7700,155392,219865,155703,148547,206485
7800,163709,243085,164122,150334,209733
7900,167979,231952,167021,153068,214623
8000,174857,236335,174442,155566,227463
8100,178594,229551,176969,158323,223772
8200,182587,230879,181281,175676,222202
8300,188290,250854,188280,166388,230834
8400,189568,245078,189453,171220,240274
8500,192269,241489,192664,173054,244749
8600,196171,258799,194566,176444,250434
8700,195781,244596,195268,179241,253521
8800,200153,247112,201190,184068,258515
8900,203399,248681,202079,184509,271282
9000,220547,251363,205465,187296,274857
9100,219666,253040,205462,198907,273554
9200,215650,254409,205645,209272,277870
9300,210037,259177,210430,204717,282866
9400,212439,261272,212290,217976,288454
9500,221458,259859,220963,215347,293400
9600,214877,262369,229098,206282,305648
9700,217105,261601,238140,209768,229319
9800,230082,273638,237653,211654,213009
9900,224551,275853,232031,217327,213317
10000,226528,275953,225147,220427,226892
10100,228624,266971,231250,221488,220247
10200,228474,268805,226509,244035,221883
10300,230223,274115,229832,231679,227763
10400,242077,281146,229698,269630,229326
10500,231681,286460,238395,255801,232392
10600,233435,290557,239448,255842,232510
10700,233070,296277,231697,250401,240656
10800,236702,308650,283850,249540,242326
10900,239214,313492,245736,261359,244688
11000,243365,325335,242249,252393,249008
11100,244668,319301,262042,256124,256712
11200,257244,329202,246346,261137,256437
11300,269893,333801,247428,283533,257759
11400,254369,333528,281274,274334,267738
11500,269247,377506,254767,296743,273403
11600,265333,365116,335447,291707,276840
11700,271231,354204,262992,315764,288564
11800,270400,359344,284394,317492,283689
11900,270983,368264,278752,304787,308939
12000,264481,375006,278124,293088,304838
12100,266674,376285,298466,299204,305074
12200,267902,379506,283424,302775,300753
12300,274143,385952,324087,306614,301575
12400,287059,379313,290087,317843,313923
12500,272855,391125,289023,315050,312028
12600,275551,393688,290151,315736,315328
12700,277678,401596,297093,322782,320683
12800,277765,416844,297357,321540,323306
12900,281781,401954,297333,311885,326184
13000,289895,413235,377320,299344,340772
13100,291691,408223,285631,270214,337645
13200,287268,412230,380604,269769,342265
13300,289228,414995,303906,280576,345256
13400,293452,420137,329359,275916,349805
13500,294651,422036,377945,293730,368931
13600,297157,426689,378741,280216,356014
13700,298969,428994,328427,280890,361111
13800,298796,429622,355466,284769,367557
13900,305393,432831,324518,341090,370007
14000,305963,463663,330625,290869,375447
14100,307532,439108,338651,300057,382542
14200,320525,443583,361356,298475,400334
14300,309639,486959,364081,298067,382201
14400,314099,507697,355788,299361,392610
14500,314722,504777,376937,301407,395021
14600,323017,485905,342937,304066,399950
14700,332185,453350,368119,330531,405852
14800,320602,469118,341927,316831,419773
14900,321334,457377,353037,308610,413652
15000,325110,477553,324909,313167,424460
15100,333316,471645,333434,315088,468603
15200,327602,459917,375245,316514,428491
15300,334788,463035,330585,321660,454860
15400,338253,464618,336955,321189,488976
15500,342990,471132,340619,326232,495171
15600,363011,474678,378163,335383,487992
15700,353534,476438,353874,330757,483786
15800,358911,475067,359138,334841,496576
15900,363906,492450,364399,342665,477592
16000,380858,478909,371266,339202,464168
16100,399310,523702,415437,349933,470382
16200,381217,480593,417112,373330,474674
16300,388740,489213,402746,341087,471422
16400,431538,481876,399041,362522,471543
16500,434350,485556,422069,362793,482695
16600,448294,492463,399863,416501,493080
16700,416996,497035,431114,388228,498916
16800,406000,499154,406376,422928,505359
16900,407541,498560,501992,397068,532310
17000,409294,513716,518184,452359,515092
17100,412132,542027,509593,383668,526734
17200,422849,508208,489703,394438,555006
17300,429437,523113,440682,380487,531007
17400,449858,584608,464882,409335,533912
17500,424221,555178,447734,405884,548527
17600,427452,554153,484445,394018,545936
17700,427564,563383,454841,407105,557454
17800,432649,572386,463313,401804,576443
17900,431958,570346,470591,402124,560057
18000,436595,583497,463663,405666,566690
18100,437674,533694,437278,407175,573089
18200,442067,534844,462473,420732,573255
18300,441298,539245,483525,413493,581657
18400,441170,547352,525219,415376,584599
18500,485225,544139,484750,419530,589213
18600,448620,543871,510930,443691,595433
18700,449248,545544,448230,463868,611248
18800,456142,547201,452328,428791,606627
18900,461729,565775,450690,432512,612471
19000,457755,555955,517696,437748,612874
19100,459740,550971,511346,440687,626793
19200,458277,552485,468392,440793,615228
19300,465397,554171,496164,447503,559822
19400,463978,551277,488267,449764,486665
19500,477087,559848,490725,454305,471097
19600,469327,557790,499197,454076,454820
19700,476313,562808,488195,483764,458334
19800,477916,594074,476169,499282,455210
19900,478026,563261,481665,465915,465178
20000,482297,567609,509697,478767,470792
20100,482761,573235,485312,474066,487927
20200,498288,570218,481128,478591,484186
20300,483680,568565,513215,479172,476956
20400,488065,579962,513103,481289,474104
20500,476256,572408,495753,496592,474922
20600,493134,587245,532730,493123,504697
20700,486362,609065,485178,516790,490333
20800,494100,586264,495498,524374,492750
20900,484928,594658,491883,510515,497968
21000,493658,598815,521354,499502,496987
21100,493502,608348,501892,507173,503787
21200,494947,618168,491694,511038,510103
21300,501430,622792,532894,504288,512566
21400,498643,637580,534486,531298,519229
21500,540005,666640,503914,527516,518591
21600,524028,643227,532917,524663,530305
21700,511142,650910,505754,530301,535099
21800,516116,664625,515488,567862,535418
21900,517777,660207,549150,540967,535065
22000,514479,673984,517710,535663,547893
22100,518351,674609,521797,545407,545265
22200,527114,706984,537758,549637,548998
22300,522290,689010,531586,553341,554414
22400,519426,694374,539161,559002,558862
22500,556395,742636,540777,560395,573085
22600,539434,733146,541926,574210,562978
22700,535474,708857,527316,591103,568610
22800,533760,708832,544519,574702,574239
22900,549530,728726,550732,586594,580936
23000,534984,723917,526744,584232,570156
23100,549284,727747,545108,582659,583076
23200,542689,732463,611790,628100,589018
23300,559007,741947,565183,602423,623928
23400,563210,743990,570303,604804,610767
23500,552990,747037,547639,636245,617779
23600,554965,789086,549946,608271,634629
23700,556176,773029,568506,622244,627024
23800,561245,771838,563185,616302,626499
23900,587267,769538,561389,622486,655923
24000,590407,774265,584498,624184,639430
24100,572719,780406,575548,628000,713732
24200,570231,798105,581418,665713,677762
24300,589509,802680,600204,692088,693755
24400,569334,890666,614053,641874,668626
24500,644165,841618,579837,645766,743625
24600,622370,803076,602261,649710,726358
24700,605007,821460,577144,651605,726159
24800,617301,886057,580267,658243,720860
24900,611411,880216,604772,657014,773131
25000,607040,831730,624141,719902,716595
25100,609622,878519,610362,690957,716526
25200,590428,884024,599636,685740,805749
25300,593560,892566,591004,678443,743726
25400,593520,900697,623517,688145,760287
25500,594900,904012,607966,689059,750489
25600,596522,857034,596567,698250,804349
25700,602539,850087,627471,716161,757018
25800,607347,866833,635281,657437,761746
25900,627267,858965,644468,637803,737825
26000,614710,868225,619044,661133,797534
26100,611738,858490,610536,677769,753036
26200,623527,867236,632785,598556,776113
26300,618061,862442,616748,583951,773846
26400,614658,865212,614364,591005,792302
26500,617147,903945,655380,671578,752712
26600,617148,936604,653326,629731,796246
26700,647542,875894,649757,651934,829933
26800,683433,876593,626627,603592,746553
26900,627828,882461,631853,599613,753885
27000,635453,885815,709607,609828,757021
27100,629812,920254,657120,603273,755191
27200,651387,894912,689677,605209,758142
27300,638710,913357,704909,643544,770411
27400,660250,899322,667886,624490,801710
27500,676528,904053,690220,674268,811644
27600,666514,950556,660284,673377,810446
27700,696402,911103,710491,650179,829278
27800,696903,912995,678059,650700,846184
27900,651476,922597,733435,623623,859001
28000,655871,930842,715070,634055,812769
28100,663173,932928,688599,660237,884909
28200,709473,983474,760111,635395,818076
28300,662209,931414,738317,634585,823184
28400,664947,949621,759379,635915,829614
28500,665144,946138,715645,634059,861431
28600,670692,957638,748930,644334,828829
28700,672870,977618,720435,640030,858901
28800,677175,946960,719108,650950,838804
28900,685070,970886,812175,666245,883231
29000,693326,955115,744219,650270,918761
29100,732074,959012,748739,654477,973597
29200,679354,1005158,755737,656109,921780
29300,682387,981816,763663,665063,911993
29400,690248,980499,742280,660328,989339
29500,686648,964699,771578,684462,960609
29600,686132,963051,738823,684630,966422
29700,699804,1003362,752509,666858,1008119
29800,701135,1005947,804313,672631,940877
29900,695740,995104,768490,673265,1046198
30000,701786,968309,749914,676400,942021
30100,704052,969050,770574,680272,956947
30200,701486,1015142,764471,680957,981182
30300,713949,996517,762196,699726,975291
30400,727923,1017954,740740,691348,1012722
30500,708730,1007561,758547,691343,967324
30600,710268,973323,783711,689762,1075702
30700,727220,1016101,742199,693155,1018697
30800,719868,1036077,761414,770333,974684
30900,738714,1098462,728528,709707,1008907
31000,740215,1090554,760370,707940,989022
31100,779464,1016751,738298,711280,1009409
31200,743871,1093761,790942,708411,1078819
31300,751121,1091343,786878,710378,1016140
31400,758339,1062826,830827,716644,1125135
31500,780656,1005334,771644,719427,1054862
31600,770525,1001849,809344,719260,1082473
31700,784182,1012707,822994,730021,1125246
31800,791156,1007726,840412,773663,1116882
31900,799948,1016168,864533,743216,1129768
32000,797821,1023600,902161,733503,1146976
32100,813246,1023482,820955,734461,1088938
32200,814126,1032688,893617,738239,1063059
32300,820494,1052605,863828,737463,1091452
32400,819921,1018790,896860,775712,1154583
32500,820643,1018607,896822,749142,1108611
32600,827775,1050815,915718,749503,1128376
32700,827469,1030920,915942,745016,1115538
32800,833506,1028836,950618,755602,1145115
32900,849475,1041743,943340,771606,1058558
33000,856341,1043216,939447,766827,1082364
33100,862816,1051637,976252,796711,1093142
33200,858130,1054957,965322,778174,1339745
33300,863037,1053876,968638,782674,1245138
33400,861575,1051627,933161,792414,1170638
33500,875641,1053710,971884,798782,1152574
33600,863173,1070092,992316,798641,1176491
33700,864664,1058156,927745,808850,1177009
33800,878816,1072303,982056,799014,1132836
33900,881978,1063929,961848,799361,1177165
34000,903504,1094088,945672,805102,1190725
34100,898330,1077546,963748,807243,1144334
34200,904665,1073466,978743,820833,1179115
34300,884069,1077268,966415,834401,1203970
34400,895428,1085147,1008309,817990,1188143
34500,897388,1125849,968188,821733,1191517
34600,918576,1099041,964946,828067,1199008
34700,907813,1089743,992141,824403,1219682
34800,892797,1083649,1029590,832499,1237141
34900,913154,1098181,982764,846861,1181066
35000,916137,1122272,978126,840307,1235526
35100,906331,1102913,1014916,841069,1237186
35200,925952,1099009,1014974,843230,1161517
35300,1016839,1101910,1017685,846940,1158535
35400,961705,1123229,1019290,850492,1165530
35500,914310,1106410,1007002,888477,1221381
35600,944803,1107924,982714,919013,1206688
35700,945534,1110532,1062162,937339,1226485
35800,930357,1119023,1050112,907276,1236770
35900,926862,1133799,1048805,863507,1268674
36000,929088,1123249,1032586,891361,1250189
36100,936036,1124717,1028466,874044,1287753
36200,952551,1129657,971951,877509,1295455
36300,934152,1129767,1028878,889049,1320056
36400,943529,1270408,1022644,881711,1328977
36500,972418,1162051,1018537,894388,1415781
36600,937782,1169990,1018618,900897,1373076
36700,967534,1167590,958325,902737,1360834
36800,1010002,1244175,1010959,895218,1357401
36900,957552,1197493,1030416,916785,1394309
37000,959249,1144123,999389,903491,1352004
37100,962602,1172981,1003634,919565,1436563
37200,965879,1154129,1009003,915087,1380172
37300,972167,1160989,1070683,919799,1315637
37400,977138,1156903,1006006,916676,1313875
37500,967021,1175920,1073659,921184,1318365
37600,971327,1175960,1118011,922485,1291416
37700,973669,1177333,1076588,937934,1357435
37800,1017946,1163029,1210555,948071,1283732
37900,990608,1158119,1231364,953247,1290079
38000,979429,1235997,1267672,946596,1320463
38100,976972,1222989,1117597,940892,1319922
38200,987944,1219139,1225518,966127,1310176
38300,991168,1172147,1338764,956348,1312030
38400,987801,1219704,1314593,953928,1311359
38500,1005573,1238356,1287419,972276,1285060
38600,993059,1200784,1308933,960594,1180829
38700,998608,1174259,1308365,999279,1177401
38800,1005368,1190279,1314848,966332,1044453
38900,999751,1202359,1232184,997563,989295
39000,1005845,1199396,1120053,977758,967928
39100,1013456,1181186,1349354,976113,988880
39200,1008297,1223364,1153820,993997,991408
39300,1029941,1212685,1197008,994228,976576
39400,1010706,1237451,1166286,991298,1014508
39500,1014959,1197858,1117501,992097,995071
39600,1021223,1239366,1121717,1000834,990361
39700,1028656,1206297,1107752,1015648,1014877
39800,1029478,1208859,1141747,1005543,1000107
39900,1022828,1234377,1201311,1003587,997173
40000,1037806,1255697,1134547,1074683,1008358
40100,1033272,1223745,1167775,1013659,1007580
40200,1062588,1218690,1180866,1027899,1026805
40300,1027507,1215156,1143057,1014883,1018101
40400,1028624,1224512,1100122,1037440,1016849
40500,1033882,1202807,1044172,1039108,1026470
40600,1037653,1225339,1068157,1034528,1029174
40700,1067845,1203174,1117650,1045432,1035340
40800,1037106,1260633,1082494,1038900,1030793
40900,1035814,1213101,1116558,1074032,1035146
41000,1041665,1236514,1091898,1047225,1023863
41100,1025828,1213811,1059686,1051238,1044568
41200,1088722,1260037,1095826,1063508,1052717
41300,1176911,1326120,1165450,1058901,1053341
41400,1048803,1301791,1055753,1063828,1082845
41500,1080090,1259693,1122255,1063085,1053408
41600,1101119,1279696,1186242,1101441,1069466
41700,1047091,1255007,1165372,1152679,1162629
41800,1029266,1269601,1186834,1152467,1156578
41900,1053950,1488575,1214542,1093410,1082646
42000,1050692,1704065,1198291,1085285,1079171
42100,1082988,1450691,1113686,1104866,1073529
42200,1055335,1387575,1190736,1130644,1086532
42300,1048563,1395383,1200714,1085784,1125140
42400,1063373,1400928,1175810,1121154,1088074
42500,1058714,1431925,1171509,1194910,1101228
42600,1095380,1390087,1189744,1125805,1092242
42700,1063801,1346248,1170433,1118967,1150468
42800,1065483,1337129,1229868,1101160,1096574
42900,1056029,1341815,1164135,1114958,1100238
43000,1104807,1384152,1228221,1115890,1115492
43100,1078844,1366668,1182190,1138495,1102864
43200,1079529,1365097,1148867,1140720,1174531
43300,1097363,1361142,1178781,1127822,1130963
43400,1100630,1414536,1161051,1142521,1128976
43500,1124785,1400513,1122013,1136794,1150862
43600,1100104,1407152,1114853,1165824,1151064
43700,1109396,1417796,1095524,1165161,1144754
43800,1088121,1421945,1137841,1177936,1142444
43900,1131420,1404966,1102555,1160764,1168275
44000,1103633,1412845,1106847,1155829,1157767
44100,1111430,1447775,1104880,1161175,1195158
44200,1115387,1434933,1144661,1160340,1149897
44300,1119507,1449016,1137474,1172043,1183213
44400,1164661,1474368,1113659,1178819,1167823
44500,1132203,1457738,1145947,1179350,1183410
44600,1123187,1516270,1191610,1168134,1187130
44700,1116825,1464205,1185769,1222791,1193849
44800,1136221,1484360,1175692,1182299,1190025
44900,1109050,1474635,1200590,1186324,1212358
45000,1111407,1486379,1308049,1196250,1203489
45100,1118517,1505765,1186269,1231127,1190459
45200,1147958,1513938,1229345,1312109,1207333
45300,1133694,1504691,1244198,1218693,1230242
45400,1136236,1521265,1280894,1230751,1228536
45500,1141419,1647423,1227426,1262350,1218707
45600,1142565,1570798,1288814,1233549,1226370
45700,1178366,1533381,1254895,1245785,1238524
45800,1147138,1533305,1267617,1245227,1214046
45900,1160181,1565906,1317040,1253049,1283289
46000,1148382,1622561,1275047,1248190,1234833
46100,1188425,1573507,1345347,1321102,1249193
46200,1157834,1545684,1270910,1264154,1252897
46300,1174447,1554203,1244264,1285504,1255998
46400,1151427,1580504,1280477,1277286,1268112
46500,1180216,1554259,1417684,1267085,1301999
46600,1279060,1619892,1264368,1296107,1296776
46700,1188641,1626096,1302144,1378254,1271969
46800,1168308,1575690,1286916,1429021,1284556
46900,1223465,1615882,1298502,1300889,1301495
47000,1182252,1643147,1224575,1341839,1286337
47100,1189915,1625297,1245823,1322792,1298079
47200,1179191,1596870,1187360,1295445,1285719
47300,1179799,1650013,1224517,1330562,1307452
47400,1199897,1611745,1217195,1320683,1306521
47500,1181719,1642412,1194680,1309088,1304354
47600,1199984,1712889,1209337,1326621,1368729
47700,1199286,1750218,1252410,1348555,1428388
47800,1235098,1756281,1213442,1333673,1366082
47900,1194043,1836512,1230843,1336729,1343720
48000,1212739,1832375,1222620,1329805,1333758
48100,1208568,1747552,1204076,1353111,1351047
48200,1239276,1766812,1260327,1345540,1338658
48300,1221749,1740549,1282128,1361222,1347006
48400,1222023,1785575,1237863,1355378,1375316
48500,1219922,1829050,1242363,1377871,1354908
48600,1235152,1770771,1249284,1364118,1361558
48700,1218764,1777964,1292124,1367386,1383804
48800,1237546,1812732,1281391,1375184,1387945
48900,1214259,1778704,1362476,1402106,1393050
49000,1277139,1786118,1322347,1385990,1372881
49100,1219535,1858439,1350656,1371986,1402171
49200,1222674,1811230,1366657,1402101,1370590
49300,1228033,1795070,1378689,1395329,1383968
49400,1253554,1858167,1396852,1386053,1420614
49500,1240359,1829128,1386515,1405640,1391944
49600,1242882,1843103,1321472,1413238,1417988
49700,1297178,1841803,1379309,1414938,1459155
49800,1335443,1795298,1372338,1422899,1454202
49900,1260243,1838969,1336346,1436342,1419489
50000,1253910,1833252,1376071,1434173,1417860
50100,1307290,1836144,1373270,1440886,1429730
50200,1351868,1754722,1348446,1435824,1434660
50300,1267098,1735344,1287444,1461869,1427399
50400,1263842,1768716,1315181,1456145,1429541
50500,1298121,1755822,1366307,1450171,1460763
50600,1271112,1769682,1267760,1487435,1438318
50700,1280753,1751126,1317504,1458783,1440531
50800,1279738,1780980,1324679,1459137,1468355
50900,1350577,1764517,1349368,1476522,1452577
51000,1284453,1752423,1329463,1593905,1484710
51100,1303019,1755068,1375735,1505429,1480480
51200,1282898,1779635,1345609,1487879,1493343
51300,1354618,1783238,1338831,1481131,1477174
51400,1396548,1774822,1334060,1440721,1483545
51500,1309904,1852814,1311074,1409147,1509290
51600,1317267,1820610,1408471,1415904,1485719
51700,1357396,1830317,1346166,1368310,1488650
51800,1311696,1928428,1562108,1359887,1522198
51900,1314578,1922289,1373890,1333946,1563768
52000,1344586,1985438,1470665,1343942,1553665
52100,1317744,1977062,1430794,1273971,1569482
52200,1316737,1993044,1437390,1259208,1711031
52300,1332973,2019389,1446404,1286820,1713555
52400,1348160,2000737,1430260,1281098,1692464
52500,1322414,1996313,1447752,1328758,1693497
52600,1319882,1992638,1371457,1260347,1689414
52700,1332734,2046608,1350594,1302303,1733130
52800,1368695,1956241,1363582,1269185,1704308
52900,1336007,1952844,1321694,1277040,1746102
53000,1382754,1958152,1405127,1276941,1757174
53100,1358751,1969224,1324632,1308762,1700154
53200,1352903,1999804,1331169,1282365,1751763
53300,1329724,1960174,1433878,1309064,1682371
53400,1345718,1965881,1380616,1277391,1664175
53500,1347900,1965840,1517725,1305800,1614561
53600,1342753,1979017,1527923,1297602,1607230
53700,1346042,1995703,1438703,1289306,1593843
53800,1346970,1976210,1385860,1308372,1596524
53900,1360813,1941181,1463562,1333282,1671356
54000,1350196,1942065,1464734,1322814,1596668
54100,1356664,1975334,1621980,1309978,1615138
54200,1358181,1999355,1566526,1304541,1628407
54300,1369172,2049633,1513464,1320729,1796058
54400,1382083,1959613,1527875,1305036,1768084
54500,1386821,1950658,1525250,1309727,1724765
54600,1429467,1957555,1486363,1318468,1775096
54700,1365211,1944674,1528726,1310024,1824450
54800,1376522,1979630,1601179,1323469,1910433
54900,1380264,1943706,1507583,1315693,1998761
55000,1400875,2003606,1522324,1392646,1928226
55100,1377278,1955729,1423156,1321728,1897821
55200,1389812,1942020,1438229,1328093,1864542
55300,1385310,2137170,1444381,1338253,1845951
55400,1380016,2076195,1412867,1414468,1872125
55500,1391094,2018049,1398855,1404394,1910103
55600,1398104,1979659,1494981,1351371,1971993
55700,1495537,2028931,1475756,1361616,1910133
55800,1460686,2000628,1406352,1344933,1815730
55900,1399954,1980318,1403145,1352844,1926171
56000,1467215,2034900,1438288,1382225,1961490
56100,1408737,2019445,1452103,1388686,1954756
56200,1410475,1988162,1449536,1374173,1862477
56300,1408472,2057243,1432956,1372897,1850104
56400,1433650,2021758,1467775,1357342,1948342
56500,1416492,2033365,1463949,1382468,1945059
56600,1417840,2026582,1448315,1384531,1814964
56700,1445876,2066646,1552420,1378028,1867712
56800,1435294,2056681,1663301,1394222,2022933
56900,1448676,2103087,1550179,1381557,1961918
57000,1544430,2127646,1566573,1377580,1982593
57100,1443896,2088873,1575088,1397467,2029742
57200,1435630,2027812,1523829,1392299,2020836
57300,1429039,2039384,1596157,1392340,1996716
57400,1550029,2015448,1533438,1382101,1948374
57500,1459078,2109481,1493430,1424139,1996274
57600,1435274,2056665,1477388,1487290,1991802
57700,1474110,2034036,1459114,1510733,2006198
57800,1440139,2040559,1563766,1476995,2133464
57900,1462976,2081954,1579513,1426187,1993996
58000,1448884,2049729,1587307,1422093,2047620
58100,1460359,2086297,1539510,1410826,2053419
58200,1468528,2235816,1482244,1422193,2039076
58300,1457374,2153970,1569827,1430981,1988380
58400,1459263,2146841,1515081,1437793,2095562
58500,1486087,2066701,1578456,1442034,1996534
58600,1481605,2046411,1542625,1444419,2074901
58700,1509929,2084839,1503148,1423151,2021345
58800,1465461,2083935,1523246,1430703,2158888
58900,1484387,2075680,1662314,1492998,2081670
59000,1469105,2093795,1640905,1429684,2092145
59100,1508903,2072507,1642722,1438451,2117237
59200,1481210,2061816,1564090,1461874,2170980
59300,1476548,2069718,1597958,1431987,2068806
59400,1490143,2112861,1644654,1483502,2066533
59500,1482006,2087958,1658748,1469169,2218158
59600,1485115,2115385,1641763,1577588,2088403
59700,1499883,2073098,1630988,1527302,2076627
59800,1671420,2118543,1618644,1451630,2127770
59900,1494486,2162996,1652828,1475841,2143900
60000,1498756,2083648,1602265,1521849,2177617
60100,1519121,2110689,1640452,1499292,2108758
60200,1540190,2144214,1631611,1500936,2008553
60300,1507460,2131339,1678015,1468367,2052151
60400,1529007,2109092,1631079,1548547,2131174
60500,1521373,2103791,1699546,1515928,2096345
60600,1513621,2103801,1668960,1512014,2154990
60700,1529972,2105196,1608237,1485951,2040262
60800,1536566,2142009,1658014,1489304,2115397
60900,1516953,2106486,1638949,1507416,2104830
61000,1543270,2189727,1676532,1558215,1994955
61100,1526585,2383302,1656113,1489074,2075931
61200,1540512,2123725,1688448,1598290,2059097
61300,1553400,2154650,1715710,1500862,1962705
61400,1554094,2140563,1609003,1493946,2033622
61500,1538892,2136489,1700476,1547021,1951568
61600,1550443,2131601,1714809,1498886,2006868
61700,1588149,2151775,1706149,1524720,1960953
61800,1558724,2171416,1850406,1505913,1957306
61900,1567067,2153970,1728828,1529397,2047421
62000,1597396,2164134,1745641,1513581,1970425
62100,1587771,2278259,1751949,1542533,2004444
62200,1580201,2157958,1829735,1557092,2016761
62300,1607005,2170079,1793198,1528116,2034147
62400,1592606,2651143,1799019,1523295,2026521
62500,1603535,2915926,1797016,1545328,1999748
62600,1642614,2924692,1791229,1546569,2020197
62700,1616151,2653430,1760728,1537680,2007221
62800,1634434,2635080,1758377,1570103,2015584
62900,1651699,2317238,1754424,1544265,2046534
63000,1628325,2244108,1721731,1566934,2035995
63100,1634101,2200893,1799159,1551501,2038920
63200,1706281,2179264,1676609,1566423,2057922
63300,1657600,2194462,1836814,1551420,2032979
63400,1662061,2197263,1765804,1578494,2083544
63500,1745484,2187526,1780901,1705627,2050143
63600,1780583,2308667,1784985,1646385,2072459
63700,1685651,2203051,1799697,1590475,2063493
63800,1744733,2193291,1790811,1604364,2080288
63900,1691003,2213064,1829617,1574960,2102862
64000,1703315,2166692,1800858,1597246,2065090
64100,1752285,2193451,1824348,1630895,2104712
64200,1725318,2222008,1792327,1639442,2091166
64300,1718652,2250350,1995609,1613502,2124541
64400,1742657,2196807,1833397,1611891,2094207
64500,1729789,2233287,1850240,1595439,2118600
64600,1740925,2187589,1787371,1622492,2142803
64700,1780460,2237555,1892533,1627325,2120844
64800,1749274,2238716,2008576,1622053,2182994
64900,1786876,2199185,1944546,1605097,2140883
65000,1757829,2189734,2007773,1628084,2133849
65100,1756780,2195816,1961374,1613663,2128805
65200,1795024,2236254,1998810,1627685,2146284
65300,1767905,2255259,2015384,1653524,2140539
65400,1786063,2347827,1967283,1631418,2204669
65500,1794405,2225908,2018653,1609751,2230061
65600,1799409,2259326,1901411,1673957,2165836
65700,1781596,2213435,1994445,1623347,2297995
65800,1828195,2349368,1880348,1662972,2152928
65900,1804984,2266457,2039433,1665495,2199819
66000,1843452,2251420,1937346,1643212,2168818
66100,1806934,2240803,1971293,1654922,2182523
66200,1803143,2282933,2049243,1673631,2314039
66300,1843674,2435241,2087069,1669701,2198818
66400,1828199,2323894,2033408,1689543,2226124
66500,1832273,2327211,1968639,1700308,2238768
66600,1911634,2275521,2079693,1712806,2329897
66700,1831521,2300543,2009063,1683910,2318509
66800,1850745,2270394,2005007,1714763,2238585
66900,2014624,2310883,2025448,1697112,2243331
67000,1850796,2371678,2033680,1711441,2283571
67100,1893348,2304098,2061205,1861079,2304791
67200,1877479,2305404,1975256,1704107,2268060
67300,1878308,2310385,1948950,1742425,2256368
67400,1872673,2311092,1965072,1724832,2267962
67500,1859396,2290937,1927363,1704558,2278182
67600,1869748,2350267,2086003,1749168,2286969
67700,1851724,2326368,2060748,1729014,2283820
67800,1869382,2302547,1984342,1714030,2274806
67900,1912336,2299659,2049403,1744033,2289071
68000,1875096,2342109,2009067,1723633,2287675
68100,1881278,2312902,2061009,1741238,2326908
68200,1884871,2414202,2026377,1748471,2300739
68300,1891149,2324197,2098165,1765202,2344803
68400,1920725,2391690,2060710,1754000,2314609
68500,1880206,2343571,2049045,1788739,2349454
68600,1905453,2302026,2010645,1754267,2318999
68700,1906259,2270479,2098344,1760754,2363509
68800,1903704,2384543,2123123,1769150,2382047
68900,1912501,2327078,2006076,1758004,2365488
69000,1905777,2311523,1973514,1776519,2391124
69100,1899471,2287916,1963259,1782059,2365323
69200,1927126,2335589,2069240,1767115,2406032
69300,1905598,2318487,2092222,1814579,2377372
69400,1906756,2317315,2132104,1781439,2392598
69500,1918746,2312293,1995997,1796825,2431751
69600,1893686,2286456,2060973,1815176,2434742
69700,1956662,2307186,2088521,1782677,2407703
69800,1915226,2308199,2029549,1820917,2428572
69900,1947710,2335985,2017994,1814942,2412559
70000,2102411,2305682,2001814,1799886,2531503
70100,1977274,2459236,1971891,1799792,2473882
70200,1960236,2320191,2022840,1888907,2480791
70300,1947425,2457136,2112784,1812990,2474086
70400,1943583,2500477,1998899,1906531,2539715
70500,1975383,2496831,2037272,1914905,2558479
70600,1965443,2437870,2024914,1825370,2465753
70700,2005458,2502641,1987430,1862157,2447397
70800,1957050,2371914,2127765,1820717,2539548
70900,1960103,2393434,2027501,1855960,2486375
71000,2013697,2354671,2100032,1846490,2463126
71100,1994739,2388079,2067963,1850986,2473349
71200,2013186,2348257,2068643,1863992,2511615
71300,2005430,2429431,2003057,1851307,2500432
71400,2115600,2441574,2152158,1870755,2486542
71500,2026210,2397013,2132986,1866475,2490624
71600,1985359,2374201,2122341,1847853,2543324
71700,1980522,2456669,2159922,1859937,2519013
71800,1985811,2352775,2216549,1926381,2531335
71900,1990063,2373450,2244086,1882013,2506028
72000,2001439,2413333,2223738,1880535,2515645
72100,1992481,2382592,2206545,1922806,2515764
72200,2018058,2412517,2132343,1889905,2527843
72300,2019639,2377720,2090910,1931030,2544239
72400,2002241,2396602,2104779,1916080,2565300
72500,2064861,2390221,2259266,1935526,2556976
72600,2011913,2407741,2225181,1939192,2575489
72700,2068076,2424085,2161223,1926940,2555123
72800,2010562,2438042,2197890,1928916,2579739
72900,2038715,2391516,2273016,1901006,2561156
73000,2131242,2400022,2290554,1931230,2595053
73100,2024431,2387988,2277566,1908779,2572548
73200,2036704,2472530,2160091,1929185,2598094
73300,2021404,2408107,2097707,1928209,2598638
73400,2049096,2492627,2053200,1934040,2582141
73500,2112680,2398240,2197924,1944197,2617505
73600,2003846,2449469,2163716,2062180,2599148
73700,2069698,2447159,2223677,1940492,2620680
73800,2059550,2587790,2192491,1937909,2601513
73900,2058476,2416316,2242188,1938845,2643335
74000,2034727,2445976,2209881,2016915,2612410
74100,2105302,2425340,2214318,2002882,2655503
74200,2075266,2492830,2213459,1969981,2627385
74300,2041406,2431990,2159049,1970903,2758227
74400,2069674,2563972,2191903,1956717,2662924
74500,2060594,2471945,2038956,1953979,2698173
74600,2126671,2485206,2110098,1975985,2660168
74700,2085606,2481246,2055641,1994219,2676745
74800,2069941,2516453,2064355,1982806,2690673
74900,2070713,2462790,2079464,1975811,2657690
75000,2090322,2470531,2114975,1973152,2696641
75100,2091174,2482937,2081024,1990566,2681032
75200,2086516,2496107,2120864,1976230,2712124
75300,2098695,2497558,2119931,1999776,2690699
75400,2080212,2467862,2096292,2000784,2738391
75500,2079940,2464469,2063292,2019390,2710018
75600,2096394,2521774,2082258,2020003,2759294
75700,2086471,2470337,2069956,2029141,2720511
75800,2205263,2467001,2077781,2026641,2751708
75900,2122022,2475432,2082730,2029378,2745340
76000,2111648,2524667,2103767,2036965,2743441
76100,2099243,2503424,2130257,2032702,2753274
76200,2109767,2672982,2090403,2030224,2742833
76300,2131173,2605545,2269546,2044900,2803546
76400,2101823,2519688,2373271,2048747,2742947
76500,2111370,2493036,2345102,2121404,2807562
76600,2099327,2523565,2396330,2159777,2768354
76700,2132380,2484035,2244651,2036856,2818083
76800,2114420,2509567,2163571,2151066,2803978
76900,2103803,2497101,2098295,2125920,2720437
77000,2158697,2517500,2131427,2077722,2670264
77100,2118983,2493345,2092312,2110074,2578153
77200,2117861,2520387,2193433,2117925,2532077
77300,2118792,2482272,2315908,2087674,2445771
77400,2161561,2507357,2402196,2108215,2416156
77500,2117132,2522970,2122027,2072609,2305374
77600,2122496,2505678,2166181,2088399,2263890
77700,2135907,2519685,2131645,2095596,2170068
77800,2123544,2521856,2120974,2078352,2096131
77900,2170207,2511479,2200711,2117997,2104959
78000,2128410,2564568,2150008,2102898,2101896
78100,2186083,2514021,2217350,2086303,2132933
78200,2154340,2531371,2223291,2120698,2103190
78300,2179233,2507509,2281198,2098720,2127176
78400,2157416,2776730,2311702,2111504,2095336
78500,2187761,2712859,2378839,2104013,2180723
78600,2318701,2601438,2399748,2108631,2138341
78700,2173111,2553035,2336606,2124374,2139499
78800,2458187,2561095,2407986,2147095,2114913
78900,2301162,2541234,2465864,2140726,2126195
79000,2277901,2520995,2432283,2126490,2150600
79100,2381542,2549601,2360197,2132898,2111387
79200,2266416,2517456,2243202,2133473,2106712
79300,2180232,2542188,2214817,2217861,2167677
79400,2170550,2531066,2274978,2248184,2150029
79500,2213110,2547529,2319352,2156794,2180939
79600,2211709,2548724,2279506,2196504,2133416
79700,2181165,2548331,2372718,2151371,2145120
79800,2174231,2569220,2425172,2175637,2157814
79900,2223045,2567053,2300401,2170559,2155320
80000,2192213,2573128,2395970,2199079,2163851
80100,2213395,2567045,2355628,2151289,2174431
80200,2213522,2559084,2394456,2185679,2197927
80300,2255013,2584423,2435772,2248104,2171353
80400,2217004,2552846,2501987,2185017,2207098
80500,2217060,2598019,2476028,2190832,2190251
80600,2224506,2571041,2391459,2185644,2240086
80700,2256660,2586321,2337084,2210016,2179331
80800,2215135,2619806,2351339,2190415,2228944
80900,2212534,2665710,2253711,2225664,2213091
81000,2240605,2577507,2374409,2189214,2188534
81100,2223773,2620063,2429845,2248809,2310558
81200,2275500,2559888,2677852,2214994,2240057
81300,2341545,2555470,2735483,2201265,2254438
81400,2257098,2601515,2583797,2229381,2172514
81500,2242028,2564656,2892683,2218163,2230374
81600,2181593,2563076,3095283,2220244,2234808
81700,2224692,2563202,3013991,2260734,2231445
81800,2193978,2560744,2985063,2325648,2218936
81900,2245502,2571550,2961892,2205848,2217251
82000,2202004,2720248,2775178,2355482,2227563
82100,2216112,2584488,2463594,2268083,2217276
82200,2207785,2723716,2367916,2255272,2333523
82300,2193112,2565990,2393400,2240384,2277658
82400,2241508,2638642,2335311,2265825,2300107
82500,2272345,2688583,2340601,2287800,2264731
82600,2235509,2631729,2295594,2251532,2280555
82700,2211615,2637951,2240835,2276603,2255838
82800,2224238,2647830,2248314,2269270,2274953
82900,2222292,2648383,2273569,2284850,2260546
83000,2249078,2651234,2272472,2269698,2274570
83100,2236221,2791849,2267763,2292754,2292253
83200,2269610,2679466,2224569,2368780,2241043
83300,2243261,2690642,2346432,2289272,2274993
83400,2229670,2694407,2312041,2258038,2261460
83500,2310196,2677765,2317154,2269318,2306337
83600,2250162,2682327,2455993,2267513,2314253
83700,2238631,2680753,2472047,2278657,2396826
83800,2227659,2681451,2507517,2339212,2461167
83900,2420856,2664387,2464761,2358470,2546751
84000,2246964,2712605,2474649,2317381,2582535
84100,2266984,2762767,2484735,2301019,2571974
84200,2344180,2731881,2512544,2294908,2608179
84300,2257137,2695285,2315039,2291374,2545341
84400,2255475,2760590,2277296,2323739,2591739
84500,2296313,2742890,2283415,2314362,2672491
84600,2259845,2766897,2403488,2466048,2605044
84700,2263364,2720457,2497153,2333893,2541232
84800,2266454,2773588,2337179,2381330,2715315
84900,2279837,2736976,2446197,2352340,3235073
85000,2288831,2820939,2631786,2328560,3188810
85100,2275179,2798074,2512803,2345323,3086097
85200,2305125,2773612,2537917,2361935,2965017
85300,2265514,3065323,2709558,2392555,2644388
85400,2311168,2844142,2561451,2349448,2635786
85500,2288182,2927984,2437546,2393362,2529135
85600,2323853,2983273,2445677,2371224,2453320
85700,2296968,2873359,2439532,2361592,2385687
85800,2280831,2828361,2396069,2377389,2390372
85900,2284001,2827122,2552227,2427111,2445374
86000,2284199,2838653,2439040,2377684,2409797
86100,2285511,2838910,2515813,2424381,2417182
86200,2287596,2860668,2580448,2379897,2563881
86300,2302177,2869868,2516873,2405919,2673306
86400,2335788,2871715,2485407,2398149,2696145
86500,2480744,2893439,2646344,2435684,2742891
86600,2335865,2939430,2562018,2406344,2723633
86700,2338689,3007082,2568265,2431147,2712496
86800,2332296,2962891,2526521,2459735,2737559
86900,2346685,3017548,2596307,2442801,2485818
87000,2371051,3127318,2529328,2449727,2450477
87100,2347184,2965383,2496070,2590467,2449013
87200,2351022,2999054,2561349,2493127,2409771
87300,2342277,3115649,2565642,2462689,2658461
87400,2341851,3007783,2746244,2441209,2647538
87500,2490561,2958654,2672199,2468486,2617033
87600,2352337,2975652,2543446,2454242,2647944
87700,2361527,3058123,2659801,2464179,2619319
87800,2354236,2963837,2693219,2465164,2738681
87900,2362806,2962618,2602930,2487706,2796662
88000,2392593,2989145,2698668,2469433,2777678
88100,2364673,3061692,2573297,2494696,2702997
88200,2375476,3087803,2588220,2463024,2629489
88300,2374969,3046600,2554880,2501884,2514597
88400,2400335,3039251,2539458,2488431,2518859
88500,2385547,3046034,2633694,2534873,2527894
88600,2421090,3048601,2714807,2488914,2632761
88700,2421291,3056695,2700103,2519777,2657467
88800,2430122,3053957,2674782,2511547,2668152
88900,2389953,3051544,2601937,2614768,2655652
89000,2546254,3091395,2732972,2524936,2746957
89100,2408765,3140311,2628068,2545894,2840772
89200,2404096,3094447,2587818,2526282,2898274
89300,2416042,3218656,2688406,2557647,2843128
89400,2389870,3111251,2611292,2566894,2818427
89500,2392286,3121008,2654812,2781660,2842731
89600,2423714,3069013,2650868,2579189,2856571
89700,2399675,3075388,2553442,2589081,2826463
89800,2436349,3088370,2620555,2584532,2720453
89900,2377944,3148695,2570746,2797436,2690356
90000,2414423,3114721,2854561,2731164,2735812
90100,2409198,3165189,2743875,2616198,2811108
90200,2437605,3100459,2623000,2608232,2856864
90300,2403261,3133154,3049614,2612197,2931434
90400,2438759,3174024,2653859,2609379,2964320
90500,2422636,3122524,2686628,2582726,2913404
90600,2450367,3150437,2647294,2606678,3667647
90700,2432028,3189616,2539085,2602092,3641605
90800,2477956,3185300,2492708,2632324,3600139
90900,2425022,3138888,2473334,2609305,3292624
91000,2507124,3198630,2454011,2666893,2788892
91100,2437031,3174237,2471222,2625749,2730102
91200,2446073,3362110,2450746,2637118,2625999
91300,2431189,3192834,2458740,2656733,2625491
91400,2647438,3182464,2508218,2630489,2614923
91500,2496983,3215945,2475775,2667744,2638253
91600,2522908,3187207,2462348,2668094,2617106
91700,2468789,3224461,2463657,2846148,2684935
91800,2481958,3207171,2482796,2681861,2620274
91900,2488920,3253337,2490202,2676541,2681715
92000,2534828,3222015,2484429,2648678,2700356
92100,2464744,3209930,2479773,2682239,2880501
92200,2513480,3234292,2482596,2655399,2809318
92300,2475174,3288744,2491065,2703652,2794643
92400,2483038,3262577,2567598,2695158,3133066
92500,2473097,3307154,2583143,2712023,2939609
92600,2512826,3276906,2736175,2740393,3024512
92700,2826624,3266942,2687428,2873889,3024545
92800,2504444,3267499,2652659,2932000,2908209
92900,2488546,3328025,2755026,2886538,2912163
93000,2529036,3514277,2709293,2953660,2708376
93100,2521402,3333356,2855923,2986844,2696997
93200,2524270,3318276,2820792,2955785,2721730
93300,2500799,3291935,2757646,2964348,2712031
93400,2529518,3350120,2734243,2960658,2789640
93500,2501395,3340304,2785652,2964374,2693598
93600,2532357,3333441,2721096,2978045,2770046
93700,2568253,3525014,2641139,3137175,2721864
93800,2654164,3574686,2627448,2960850,2754005
93900,2524364,3540629,2658976,2969466,2873094
94000,2560399,3591243,2739661,2985061,2832815
94100,2510926,3542657,2676059,3020380,2765871
94200,2544842,3604799,2619933,3030714,2779659
94300,2700868,3605000,2962406,2979675,2812143
94400,2751103,3572755,3083281,3008924,2760055
94500,2771697,3602085,3048927,3018296,2778207
94600,2760353,3715218,2944407,2989471,2781896
94700,2763610,3743436,2972273,3014233,2919564
94800,2734020,3593795,2989029,3040175,2913162
94900,2749641,3681087,2970240,3040834,2818243
95000,2830897,3672352,2994061,3161443,2793857
95100,2761766,3665998,2929169,3168453,2802022
95200,2776572,3642430,2910401,3171757,2863054
95300,2761682,3697742,2856489,3071926,2807657
95400,2815395,3638117,2824675,3080276,2819223
95500,2813620,3627901,2915168,3116466,2793824
95600,2833782,3712973,2892551,3214617,2901714
95700,2822451,3660579,2887531,3094432,3050262
95800,2945672,3728278,2926334,3046863,3013273
95900,2817284,3673728,2886649,3068740,3066096
96000,2827867,3681105,2893688,3065256,3126932
96100,2851593,3679734,2966896,3123359,3088379
96200,2811238,3885786,2872500,3082266,3137408
96300,2835709,3785359,2877350,3079046,3160546
96400,2800756,3677053,2978051,3081607,3048605
96500,2831642,3706981,2925805,3132734,3102365
96600,2816566,3710685,3125514,3148107,3111906
96700,2869605,3718102,3077930,3097133,3351858
96800,2862931,3733885,2867654,3164565,3139068
96900,2817153,3728376,2864607,3135284,3131035
97000,2840279,3741098,2857245,3157145,3129500
97100,2861356,3740163,2859551,3145729,3137614
97200,2827030,3712531,2871132,3154110,3134820
97300,2820583,3797302,2867996,3250390,3120942
97400,2831629,3733234,2889642,3188892,3131570
97500,2855364,3808140,2859724,3181400,3219904
97600,2876454,3861561,2854605,3179010,3132873
97700,2829223,4002624,2913606,3146665,3181320
97800,3029468,3829298,2811497,3200302,3165628
97900,2847270,3784953,2862456,3216136,3141343
98000,2853539,3771398,2836100,3235910,3132408
98100,2850376,3842142,2862212,3194060,3156564
98200,2828868,3781862,2850712,3193329,3173365
98300,2964294,3887716,2919692,3262145,3287640
98400,2854785,3825760,2881941,3210670,3375972
98500,2866382,3818193,3037785,3242875,3250273
98600,3004037,3871409,3012426,3186565,3194633
98700,2967172,3869255,2949086,3179736,3217221
98800,2891814,3866280,3002602,3228570,3250481
98900,2916764,3825790,2965428,3221961,3249283
99000,2932158,3879999,2993183,3232455,3206237
99100,2918241,3979344,2971247,3356883,3232801
99200,2931724,3856230,2917059,3290719,3303445
99300,2913065,3902924,2962924,3225050,3196084
99400,2942588,3885610,2902600,3273847,3223235
99500,2910725,3833651,3058569,3287374,3223285
99600,2936435,3864608,3113027,3384115,3220631
99700,3050860,3898474,2936173,3252524,3253281
99800,2942046,3896491,3044781,3266193,3257572
99900,2917431,3911419,2947800,3327776,3223650
100000,2960995,4029884,2928856,3241483,3272259